{
  "hash": "8a24c2e9",
  "configHash": "355b7a1d",
  "lockfileHash": "7179e842",
  "browserHash": "398029dc",
  "optimized": {
    "@angular/common": {
      "src": "../../../../../../node_modules/@angular/common/fesm2022/common.mjs",
      "file": "@angular_common.js",
      "fileHash": "c82b9d3d",
      "needsInterop": false
    },
    "@angular/core": {
      "src": "../../../../../../node_modules/@angular/core/fesm2022/core.mjs",
      "file": "@angular_core.js",
      "fileHash": "e7f20a31",
      "needsInterop": false
    },
    "@angular/platform-browser": {
      "src": "../../../../../../node_modules/@angular/platform-browser/fesm2022/platform-browser.mjs",
      "file": "@angular_platform-browser.js",
      "fileHash": "671f90c0",
      "needsInterop": false
    },
    "@angular/router": {
      "src": "../../../../../../node_modules/@angular/router/fesm2022/router.mjs",
      "file": "@angular_router.js",
      "fileHash": "41956713",
      "needsInterop": false
    },
    "ngx-toastr": {
      "src": "../../../../../../node_modules/ngx-toastr/fesm2022/ngx-toastr.mjs",
      "file": "ngx-toastr.js",
      "fileHash": "a15ffc74",
      "needsInterop": false
    },
    "@angular/forms": {
      "src": "../../../../../../node_modules/@angular/forms/fesm2022/forms.mjs",
      "file": "@angular_forms.js",
      "fileHash": "26358192",
      "needsInterop": false
    },
    "@angular/platform-browser/animations": {
      "src": "../../../../../../node_modules/@angular/platform-browser/fesm2022/animations.mjs",
      "file": "@angular_platform-browser_animations.js",
      "fileHash": "4035c70c",
      "needsInterop": false
    }
  },
  "chunks": {
    "chunk-O2HKECRK": {
      "file": "chunk-O2HKECRK.js"
    },
    "chunk-2Z4EHXFW": {
      "file": "chunk-2Z4EHXFW.js"
    },
    "chunk-NVQAXOF4": {
      "file": "chunk-NVQAXOF4.js"
    },
    "chunk-6L2D24VA": {
      "file": "chunk-6L2D24VA.js"
    }
  }
}